{"cameraMode":{"drawMode":0,"name":"Shaded","section":"Shading Mode"},"sceneLighting":false,"audioPlay":false,"sceneViewState":{"showFog":true,"showMaterialUpdate":false,"showSkybox":false,"showFlares":true,"showImageEffects":true,"showParticleSystems":true},"in2DMode":false,"pivot":{"x":0.5653814077377319,"y":-0.24080920219421388,"z":0.5233259201049805},"rotation":{"x":0.5322760343551636,"y":0.11303769052028656,"z":-0.07198323309421539,"w":0.8359361886978149},"size":5.68256950378418,"orthographic":false}