{"cameraMode":{"drawMode":0,"name":"Shaded","section":"Shading Mode"},"sceneLighting":false,"audioPlay":false,"sceneViewState":{"showFog":true,"showMaterialUpdate":false,"showSkybox":true,"showFlares":true,"showImageEffects":true,"showParticleSystems":true},"in2DMode":false,"pivot":{"x":47.336856842041019,"y":225.23281860351563,"z":-10.313501358032227},"rotation":{"x":0.49198341369628909,"y":0.08203339576721192,"z":-0.04662958160042763,"w":0.8654807806015015},"size":74.14525604248047,"orthographic":false}