{"cameraMode":{"drawMode":0,"name":"Shaded","section":"Shading Mode"},"sceneLighting":false,"audioPlay":false,"sceneViewState":{"showFog":true,"showMaterialUpdate":false,"showSkybox":false,"showFlares":true,"showImageEffects":true,"showParticleSystems":true},"in2DMode":false,"pivot":{"x":143.60000610351563,"y":13.4739990234375,"z":125.95000457763672},"rotation":{"x":0.6376839876174927,"y":0.007634976878762245,"z":-0.006320293061435223,"w":0.7702782154083252},"size":528.39208984375,"orthographic":false}