{"cameraMode":{"drawMode":0,"name":"Shaded","section":"Shading Mode"},"sceneLighting":false,"audioPlay":false,"sceneViewState":{"showFog":true,"showMaterialUpdate":false,"showSkybox":false,"showFlares":true,"showImageEffects":true,"showParticleSystems":true},"in2DMode":false,"pivot":{"x":459.4712829589844,"y":210.25498962402345,"z":49.590087890625},"rotation":{"x":-0.0030001234263181688,"y":0.0021007114555686714,"z":1.2064376164744318e-7,"w":1.0000014305114747},"size":588.20361328125,"orthographic":false}